,date,0_4,5_11,12_18,19_49,50_64,65+,65_diff,50_64_diff,19_49_diff,12_18_diff,5_11_diff
0,02/07/2022,0,0,2598195.0,31057500.0,24814812.0,31519836.0,0.0,0.0,0.0,0.0,0
1,02/08/2022,0,0,2611152.3125,31112681.55,24845488.6375,31547177.875,27341.875,30676.637499999255,55181.550000000745,12957.3125,0
2,02/09/2022,0,0,2624109.625,31167863.1,24876165.275,31574519.75,27341.875,30676.637499999255,55181.550000000745,12957.3125,0
3,02/10/2022,0,0,2637066.9375,31223044.65,24906841.9125,31601861.625,27341.875,30676.63750000298,55181.54999999702,12957.3125,0
4,02/11/2022,0,0,2650024.25,31278226.2,24937518.55,31629203.5,27341.875,30676.637499999255,55181.550000000745,12957.3125,0
5,02/12/2022,0,0,2662981.5625,31333407.75,24968195.1875,31656545.375,27341.875,30676.637499999255,55181.550000000745,12957.3125,0
6,02/13/2022,0,0,2675938.875,31388589.3,24998871.825,31683887.25,27341.875,30676.637499999255,55181.550000000745,12957.3125,0
7,02/14/2022,0,0,2688896.1875,31443770.85,25029548.4625,31711229.125,27341.875,30676.637499999255,55181.550000000745,12957.3125,0
8,02/15/2022,0,0,2701853.5,31498952.4,25060225.1,31738571.0,27341.875,30676.63750000298,55181.54999999702,12957.3125,0
9,02/16/2022,0,0,2714810.8125,31554133.95,25090901.7375,31765912.875,27341.875,30676.637499999255,55181.550000000745,12957.3125,0
10,02/17/2022,0,0,2727768.125,31609315.5,25121578.375,31793254.75,27341.875,30676.637499999255,55181.550000000745,12957.3125,0
11,02/18/2022,0,0,2740725.4375,31664497.05,25152255.0125,31820596.625,27341.875,30676.637499999255,55181.550000000745,12957.3125,0
12,02/19/2022,0,0,2753682.75,31719678.6,25182931.65,31847938.5,27341.875,30676.637499999255,55181.550000000745,12957.3125,0
13,02/20/2022,0,0,2766640.0625,31774860.15,25213608.2875,31875280.375,27341.875,30676.63750000298,55181.54999999702,12957.3125,0
14,02/21/2022,0,0,2779597.375,31830041.7,25244284.925,31902622.25,27341.875,30676.637499999255,55181.550000000745,12957.3125,0
15,02/22/2022,0,0,2792554.6875,31885223.25,25274961.5625,31929964.125,27341.875,30676.637499999255,55181.550000000745,12957.3125,0
16,02/23/2022,0,0,2805512.0,31940404.8,25305638.2,31957306.0,27341.875,30676.637499999255,55181.550000000745,12957.3125,0
17,02/24/2022,0,0,2818469.3125,31995586.35,25336314.8375,31984647.875,27341.875,30676.637499999255,55181.550000000745,12957.3125,0
18,02/25/2022,0,0,2831426.625,32050767.9,25366991.475,32011989.75,27341.875,30676.63750000298,55181.54999999702,12957.3125,0
19,02/26/2022,0,0,2844383.9375,32105949.45,25397668.1125,32039331.625,27341.875,30676.637499999255,55181.550000000745,12957.3125,0
20,02/27/2022,0,0,2857341.25,32161131.0,25428344.75,32066673.5,27341.875,30676.637499999255,55181.550000000745,12957.3125,0
21,02/28/2022,0,0,2870298.5625,32216312.55,25459021.3875,32094015.375,27341.875,30676.637499999255,55181.550000000745,12957.3125,0
22,03/01/2022,0,0,2883255.875,32271494.1,25489698.025,32121357.25,27341.875,30676.637499999255,55181.550000000745,12957.3125,0
23,03/02/2022,0,0,2896213.1875,32326675.65,25520374.6625,32148699.125,27341.875,30676.63750000298,55181.54999999702,12957.3125,0
24,03/03/2022,0,0,2909170.5,32381857.2,25551051.3,32176041.0,27341.875,30676.637499999255,55181.550000000745,12957.3125,0
25,03/04/2022,0,0,2922127.8125,32437038.75,25581727.9375,32203382.875,27341.875,30676.637499999255,55181.550000000745,12957.3125,0
26,03/05/2022,0,0,2935085.125,32492220.3,25612404.575,32230724.75,27341.875,30676.637499999255,55181.550000000745,12957.3125,0
27,03/06/2022,0,0,2948042.4375,32547401.85,25643081.2125,32258066.625,27341.875,30676.637499999255,55181.550000000745,12957.3125,0
28,03/07/2022,0,0,2960999.75,32602583.4,25673757.85,32285408.5,27341.875,30676.63750000298,55181.54999999702,12957.3125,0
29,03/08/2022,0,0,2973957.0625,32657764.95,25704434.4875,32312750.375,27341.875,30676.637499999255,55181.550000000745,12957.3125,0
30,03/09/2022,0,0,2986914.375,32712946.5,25735111.125,32340092.25,27341.875,30676.637499999255,55181.550000000745,12957.3125,0
31,03/10/2022,0,0,2999871.6875,32768128.05,25765787.7625,32367434.125,27341.875,30676.637499999255,55181.550000000745,12957.3125,0
32,03/11/2022,0,0,3012829.0,32823309.6,25796464.4,32394776.0,27341.875,30676.637499999255,55181.550000000745,12957.3125,0
33,03/12/2022,0,0,3025786.3125,32878491.15,25827141.0375,32422117.875,27341.875,30676.63750000298,55181.54999999702,12957.3125,0
34,03/13/2022,0,0,3038743.625,32933672.7,25857817.675,32449459.75,27341.875,30676.637499999255,55181.550000000745,12957.3125,0
35,03/14/2022,0,0,3051700.9375,32988854.25,25888494.3125,32476801.625,27341.875,30676.637499999255,55181.550000000745,12957.3125,0
36,03/15/2022,0,0,3064658.25,33044035.8,25919170.95,32504143.5,27341.875,30676.637499999255,55181.550000000745,12957.3125,0
37,03/16/2022,0,0,3077615.5625,33099217.35,25949847.5875,32531485.375,27341.875,30676.637499999255,55181.550000000745,12957.3125,0
38,03/17/2022,0,0,3090572.875,33154398.9,25980524.225,32558827.25,27341.875,30676.63750000298,55181.54999999702,12957.3125,0
39,03/18/2022,0,0,3103530.1875,33209580.45,26011200.8625,32586169.125,27341.875,30676.637499999255,55181.550000000745,12957.3125,0
40,03/19/2022,0,0,3116487.5,33264762.0,26041877.5,32613511.0,27341.875,30676.637499999255,55181.550000000745,12957.3125,0
41,03/20/2022,0,0,3129444.8125,33319943.55,26072554.1375,32640852.875,27341.875,30676.637499999255,55181.550000000745,12957.3125,0
42,03/21/2022,0,0,3142402.125,33375125.1,26103230.775,32668194.75,27341.875,30676.637499999255,55181.550000000745,12957.3125,0
43,03/22/2022,0,0,3155359.4375,33430306.65,26133907.4125,32695536.625,27341.875,30676.63750000298,55181.54999999702,12957.3125,0
44,03/23/2022,0,0,3168316.75,33485488.2,26164584.05,32722878.5,27341.875,30676.637499999255,55181.550000000745,12957.3125,0
45,03/24/2022,0,0,3181274.0625,33540669.75,26195260.6875,32750220.375,27341.875,30676.637499999255,55181.550000000745,12957.3125,0
46,03/25/2022,0,0,3194231.375,33595851.3,26225937.325,32777562.25,27341.875,30676.637499999255,55181.54999999702,12957.3125,0
47,03/26/2022,0,0,3207188.6875,33651032.85,26256613.9625,32804904.125,27341.875,30676.637499999255,55181.55000000447,12957.3125,0
48,03/27/2022,0,0,3220146.0,33706214.4,26287290.6,32832246.0,27341.875,30676.63750000298,55181.54999999702,12957.3125,0
49,03/28/2022,0,0,3233103.3125,33761395.95,26317967.2375,32859587.875,27341.875,30676.637499999255,55181.55000000447,12957.3125,0
50,03/29/2022,0,0,3246060.625,33816577.5,26348643.875,32886929.75,27341.875,30676.637499999255,55181.54999999702,12957.3125,0
51,03/30/2022,0,0,3259017.9375,33871759.05,26379320.5125,32914271.625,27341.875,30676.637499999255,55181.54999999702,12957.3125,0
52,03/31/2022,0,0,3271975.25,33926940.6,26409997.15,32941613.5,27341.875,30676.637499999255,55181.55000000447,12957.3125,0
53,04/01/2022,0,0,3284932.5625,33982122.15,26440673.7875,32968955.375,27341.875,30676.63750000298,55181.54999999702,12957.3125,0
54,04/02/2022,0,0,3297889.875,34037303.7,26471350.425,32996297.25,27341.875,30676.637499999255,55181.55000000447,12957.3125,0
55,04/03/2022,0,0,3310847.1875,34092485.25,26502027.0625,33023639.125,27341.875,30676.637499999255,55181.54999999702,12957.3125,0
56,04/04/2022,0,0,3323804.5,34147666.8,26532703.7,33050981.0,27341.875,30676.637499999255,55181.54999999702,12957.3125,0
57,04/05/2022,0,0,3336761.8125,34202848.35,26563380.3375,33078322.875,27341.875,30676.637499999255,55181.55000000447,12957.3125,0
58,04/06/2022,0,0,3349719.125,34258029.9,26594056.975,33105664.75,27341.875,30676.63750000298,55181.54999999702,12957.3125,0
59,04/07/2022,0,0,3362676.4375,34313211.45,26624733.6125,33133006.625,27341.875,30676.637499999255,55181.55000000447,12957.3125,0
60,04/08/2022,0,0,3375633.75,34368393.0,26655410.25,33160348.5,27341.875,30676.637499999255,55181.54999999702,12957.3125,0
61,04/09/2022,0,0,3388591.0625,34423574.55,26686086.8875,33187690.375,27341.875,30676.637499999255,55181.54999999702,12957.3125,0
62,04/10/2022,0,0,3401548.375,34478756.1,26716763.525,33215032.25,27341.875,30676.637499999255,55181.55000000447,12957.3125,0
63,04/11/2022,0,0,3414505.6875,34533937.65,26747440.1625,33242374.125,27341.875,30676.63750000298,55181.54999999702,12957.3125,0
64,04/12/2022,0,0,3427463.0,34589119.2,26778116.8,33269716.0,27341.875,30676.637499999255,55181.55000000447,12957.3125,0
65,04/13/2022,0,0,3440420.3125,34644300.75,26808793.4375,33297057.875,27341.875,30676.637499999255,55181.54999999702,12957.3125,0
66,04/14/2022,0,0,3453377.625,34699482.3,26839470.075,33324399.75,27341.875,30676.637499999255,55181.54999999702,12957.3125,0
67,04/15/2022,0,0,3466334.9375,34754663.85,26870146.7125,33351741.625,27341.875,30676.637499999255,55181.55000000447,12957.3125,0
68,04/16/2022,0,0,3479292.25,34809845.4,26900823.35,33379083.5,27341.875,30676.63750000298,55181.54999999702,12957.3125,0
69,04/17/2022,0,0,3492249.5625,34865026.95,26931499.9875,33406425.375,27341.875,30676.637499999255,55181.55000000447,12957.3125,0
70,04/18/2022,0,0,3505206.875,34920208.5,26962176.625,33433767.25,27341.875,30676.637499999255,55181.54999999702,12957.3125,0
71,04/19/2022,0,0,3518164.1875,34975390.05,26992853.2625,33461109.125,27341.875,30676.637499999255,55181.54999999702,12957.3125,0
72,04/20/2022,0,0,3531121.5,35030571.6,27023529.9,33488451.0,27341.875,30676.637499999255,55181.55000000447,12957.3125,0
73,04/21/2022,0,0,3544078.8125,35085753.15,27054206.5375,33515792.875,27341.875,30676.63750000298,55181.54999999702,12957.3125,0
74,04/22/2022,0,0,3557036.125,35140934.7,27084883.175,33543134.75,27341.875,30676.637499999255,55181.55000000447,12957.3125,0
75,04/23/2022,0,0,3569993.4375,35196116.25,27115559.8125,33570476.625,27341.875,30676.637499999255,55181.54999999702,12957.3125,0
76,04/24/2022,0,0,3582950.75,35251297.8,27146236.45,33597818.5,27341.875,30676.637499999255,55181.54999999702,12957.3125,0
77,04/25/2022,0,0,3595908.0625,35306479.35,27176913.0875,33625160.375,27341.875,30676.637499999255,55181.55000000447,12957.3125,0
78,04/26/2022,0,0,3608865.375,35361660.9,27207589.725,33652502.25,27341.875,30676.63750000298,55181.54999999702,12957.3125,0
79,04/27/2022,0,0,3621822.6875,35416842.45,27238266.3625,33679844.125,27341.875,30676.637499999255,55181.55000000447,12957.3125,0
80,04/28/2022,0,0,3634780.0,35472024.0,27268943.0,33679844.125,0.0,30676.637499999255,55181.54999999702,12957.3125,0
81,04/29/2022,0,0,3647737.3125,35527205.55,27299619.6375,33679844.125,0.0,30676.637499999255,55181.54999999702,12957.3125,0
82,04/30/2022,0,0,3660694.625,35582387.099999994,27330296.275,33679844.125,0.0,30676.637499999255,55181.54999999702,12957.3125,0
83,05/01/2022,0,0,3673651.9375,35637568.64999999,27360972.912499998,33679844.125,0.0,30676.637499999255,55181.54999999702,12957.3125,0
84,05/02/2022,0,0,3686609.25,35692750.19999999,27391649.549999997,33679844.125,0.0,30676.637499999255,55181.54999999702,12957.3125,0
85,05/03/2022,0,0,3699566.5625,35747931.749999985,27422326.187499996,33679844.125,0.0,30676.637499999255,55181.54999999702,12957.3125,0
86,05/04/2022,0,0,3712523.875,35803113.29999998,27453002.824999996,33679844.125,0.0,30676.637499999255,55181.54999999702,12957.3125,0
87,05/05/2022,0,0,3725481.1875,35858294.84999998,27483679.462499995,33679844.125,0.0,30676.637499999255,55181.54999999702,12957.3125,0
88,05/06/2022,0,0,3738438.5,35913476.399999976,27514356.099999994,33679844.125,0.0,30676.637499999255,55181.54999999702,12957.3125,0
89,05/07/2022,0,0,3751395.8125,35968657.94999997,27545032.737499993,33679844.125,0.0,30676.637499999255,55181.54999999702,12957.3125,0
90,05/08/2022,0,0,3764353.125,36023839.49999997,27575709.374999993,33679844.125,0.0,30676.637499999255,55181.54999999702,12957.3125,0
91,05/09/2022,0,0,3777310.4375,36079021.04999997,27606386.01249999,33679844.125,0.0,30676.637499999255,55181.54999999702,12957.3125,0
92,05/10/2022,0,0,3790267.75,36134202.599999964,27637062.64999999,33679844.125,0.0,30676.637499999255,55181.54999999702,12957.3125,0
93,05/11/2022,0,0,3803225.0625,36189384.14999996,27667739.28749999,33679844.125,0.0,30676.637499999255,55181.54999999702,12957.3125,0
94,05/12/2022,0,0,3816182.375,36244565.69999996,27698415.92499999,33679844.125,0.0,30676.637499999255,55181.54999999702,12957.3125,0
95,05/13/2022,0,0,3829139.6875,36299747.249999955,27729092.56249999,33679844.125,0.0,30676.637499999255,55181.54999999702,12957.3125,0
96,05/14/2022,0,0,3842097.0,36354928.79999995,27759769.199999988,33679844.125,0.0,30676.637499999255,55181.54999999702,12957.3125,0
97,05/15/2022,0,0,3855054.3125,36410110.34999995,27790445.837499987,33679844.125,0.0,30676.637499999255,55181.54999999702,12957.3125,0
98,05/16/2022,0,0,3868011.625,36465291.89999995,27821122.474999987,33679844.125,0.0,30676.637499999255,55181.54999999702,12957.3125,0
99,05/17/2022,0,0,3880968.9375,36520473.44999994,27851799.112499986,33679844.125,0.0,30676.637499999255,55181.54999999702,12957.3125,0
100,05/18/2022,0,0,3893926.25,36575654.99999994,27882475.749999985,33679844.125,0.0,30676.637499999255,55181.54999999702,12957.3125,0
101,05/19/2022,0,0,3906883.5625,36630836.54999994,27913152.387499984,33679844.125,0.0,30676.637499999255,55181.54999999702,12957.3125,0
102,05/20/2022,0,0,3919840.875,36686018.099999934,27943829.024999984,33679844.125,0.0,30676.637499999255,55181.54999999702,12957.3125,0
103,05/21/2022,0,0,3932798.1875,36741199.64999993,27974505.662499983,33679844.125,0.0,30676.637499999255,55181.54999999702,12957.3125,0
104,05/22/2022,0,0,3945755.5,36796381.19999993,28005182.299999982,33679844.125,0.0,30676.637499999255,55181.54999999702,12957.3125,0
105,05/23/2022,0,0,3958712.8125,36851562.749999925,28035858.93749998,33679844.125,0.0,30676.637499999255,55181.54999999702,12957.3125,0
106,05/24/2022,0,0,3971670.125,36906744.29999992,28066535.57499998,33679844.125,0.0,30676.637499999255,55181.54999999702,12957.3125,0
107,05/25/2022,0,0,3984627.4375,36961925.84999992,28097212.21249998,33679844.125,0.0,30676.637499999255,55181.54999999702,12957.3125,0
108,05/26/2022,0,0,3997584.75,37017107.39999992,28127888.84999998,33679844.125,0.0,30676.637499999255,55181.54999999702,12957.3125,0
109,05/27/2022,0,0,4010542.0625,37072288.94999991,28158565.48749998,33679844.125,0.0,30676.637499999255,55181.54999999702,12957.3125,0
110,05/28/2022,0,0,4023499.375,37127470.49999991,28189242.124999978,33679844.125,0.0,30676.637499999255,55181.54999999702,12957.3125,0
111,05/29/2022,0,0,4036456.6875,37182652.04999991,28219918.762499977,33679844.125,0.0,30676.637499999255,55181.54999999702,12957.3125,0
112,05/30/2022,0,0,4049414.0,37237833.599999905,28250595.399999976,33679844.125,0.0,30676.637499999255,55181.54999999702,12957.3125,0
113,05/31/2022,0,0,4062371.3125,37293015.1499999,28281272.037499975,33679844.125,0.0,30676.637499999255,55181.54999999702,12957.3125,0
114,06/01/2022,0,0,4094764.59375,37430969.0249999,28357963.631249975,33679844.125,0.0,76691.59375,137953.875,32393.28125,0
115,06/02/2022,0,0,4127157.875,37568922.8999999,28434655.224999975,33679844.125,0.0,76691.59375,137953.875,32393.28125,0
116,06/03/2022,0,0,4159551.15625,37706876.7749999,28511346.818749975,33679844.125,0.0,76691.59375,137953.875,32393.28125,0
117,06/04/2022,0,0,4191944.4375,37844830.6499999,28588038.412499975,33679844.125,0.0,76691.59375,137953.875,32393.28125,0
118,06/05/2022,0,0,4224337.71875,37982784.5249999,28664730.006249975,33679844.125,0.0,76691.59375,137953.875,32393.28125,0
119,06/06/2022,0,0,4256731.0,38120738.3999999,28741421.599999975,33679844.125,0.0,76691.59375,137953.875,32393.28125,0
120,06/07/2022,0,0,4289124.28125,38258692.2749999,28818113.193749975,33679844.125,0.0,76691.59375,137953.875,32393.28125,0
121,06/08/2022,0,0,4321517.5625,38396646.1499999,28894804.787499975,33679844.125,0.0,76691.59375,137953.875,32393.28125,0
122,06/09/2022,0,0,4353910.84375,38534600.0249999,28971496.381249975,33679844.125,0.0,76691.59375,137953.875,32393.28125,0
123,06/10/2022,0,0,4386304.125,38672553.8999999,29048187.974999975,33679844.125,0.0,76691.59375,137953.875,32393.28125,0
124,06/11/2022,0,0,4418697.40625,38810507.7749999,29124879.568749975,33679844.125,0.0,76691.59375,137953.875,32393.28125,0
125,06/12/2022,0,0,4451090.6875,38948461.6499999,29201571.162499975,33679844.125,0.0,76691.59375,137953.875,32393.28125,0
126,06/13/2022,0,0,4483483.96875,39086415.5249999,29278262.756249975,33679844.125,0.0,76691.59375,137953.875,32393.28125,0
127,06/14/2022,0,0,4515877.25,39224369.3999999,29354954.349999975,33679844.125,0.0,76691.59375,137953.875,32393.28125,0
128,06/15/2022,0,0,4548270.53125,39362323.2749999,29431645.943749975,33679844.125,0.0,76691.59375,137953.875,32393.28125,0
129,06/16/2022,0,0,4580663.8125,39500277.1499999,29508337.537499975,33679844.125,0.0,76691.59375,137953.875,32393.28125,0
130,06/17/2022,0,0,4613057.09375,39638231.0249999,29585029.131249975,33679844.125,0.0,76691.59375,137953.875,32393.28125,0
131,06/18/2022,0,0,4645450.375,39776184.8999999,29661720.724999975,33679844.125,0.0,76691.59375,137953.875,32393.28125,0
132,06/19/2022,0,0,4677843.65625,39914138.7749999,29738412.318749975,33679844.125,0.0,76691.59375,137953.875,32393.28125,0
133,06/20/2022,0,0,4710236.9375,40052092.6499999,29815103.912499975,33679844.125,0.0,76691.59375,137953.875,32393.28125,0
134,06/21/2022,0,0,4742630.21875,40190046.5249999,29891795.506249975,33679844.125,0.0,76691.59375,137953.875,32393.28125,0
135,06/22/2022,0,0,4775023.5,40328000.3999999,29968487.099999975,33679844.125,0.0,76691.59375,137953.875,32393.28125,0
136,06/23/2022,0,0,4807416.78125,40465954.2749999,30045178.693749975,33679844.125,0.0,76691.59375,137953.875,32393.28125,0
137,06/24/2022,0,0,4839810.0625,40603908.1499999,30121870.287499975,33679844.125,0.0,76691.59375,137953.875,32393.28125,0
138,06/25/2022,0,0,4872203.34375,40741862.0249999,30198561.881249975,33679844.125,0.0,76691.59375,137953.875,32393.28125,0
139,06/26/2022,0,0,4904596.625,40879815.8999999,30275253.474999975,33679844.125,0.0,76691.59375,137953.875,32393.28125,0
140,06/27/2022,0,0,4936989.90625,41017769.7749999,30351945.068749975,33679844.125,0.0,76691.59375,137953.875,32393.28125,0
141,06/28/2022,0,0,4969383.1875,41155723.6499999,30428636.662499975,33679844.125,0.0,76691.59375,137953.875,32393.28125,0
142,06/29/2022,0,0,5001776.46875,41293677.5249999,30505328.256249975,33679844.125,0.0,76691.59375,137953.875,32393.28125,0
143,06/30/2022,0,0,5034169.75,41431631.3999999,30582019.849999975,33679844.125,0.0,76691.59375,137953.875,32393.28125,0
144,07/01/2022,0,0,5066563.03125,41569585.2749999,30658711.443749975,33679844.125,0.0,76691.59375,137953.875,32393.28125,0
145,07/02/2022,0,0,5098956.3125,41707539.1499999,30735403.037499975,33679844.125,0.0,76691.59375,137953.875,32393.28125,0
146,07/03/2022,0,0,5131349.59375,41845493.0249999,30812094.631249975,33679844.125,0.0,76691.59375,137953.875,32393.28125,0
147,07/04/2022,0,0,5163742.875,41983446.8999999,30888786.224999975,33679844.125,0.0,76691.59375,137953.875,32393.28125,0
148,07/05/2022,0,0,5196136.15625,42121400.7749999,30965477.818749975,33679844.125,0.0,76691.59375,137953.875,32393.28125,0
149,07/06/2022,0,0,5228529.4375,42259354.6499999,31042169.412499975,33679844.125,0.0,76691.59375,137953.875,32393.28125,0
150,07/07/2022,0,0,5260922.71875,42397308.5249999,31118861.006249975,33679844.125,0.0,76691.59375,137953.875,32393.28125,0
151,07/08/2022,0,0,5293316.0,42535262.3999999,31195552.599999975,33679844.125,0.0,76691.59375,137953.875,32393.28125,0
152,07/09/2022,0,0,5325709.28125,42673216.2749999,31272244.193749975,33679844.125,0.0,76691.59375,137953.875,32393.28125,0
153,07/10/2022,0,0,5358102.5625,42811170.1499999,31348935.787499975,33679844.125,0.0,76691.59375,137953.875,32393.28125,0
154,07/11/2022,0,0,5390495.84375,42949124.0249999,31425627.381249975,33679844.125,0.0,76691.59375,137953.875,32393.28125,0
155,07/12/2022,0,0,5422889.125,43087077.8999999,31502318.974999975,33679844.125,0.0,76691.59375,137953.875,32393.28125,0
156,07/13/2022,0,0,5455282.40625,43225031.7749999,31579010.568749975,33679844.125,0.0,76691.59375,137953.875,32393.28125,0
157,07/14/2022,0,0,5487675.6875,43362985.6499999,31655702.162499975,33679844.125,0.0,76691.59375,137953.875,32393.28125,0
158,07/15/2022,0,0,5520068.96875,43500939.5249999,31732393.756249975,33679844.125,0.0,76691.59375,137953.875,32393.28125,0
159,07/16/2022,0,0,5552462.25,43638893.3999999,31809085.349999975,33679844.125,0.0,76691.59375,137953.875,32393.28125,0
160,07/17/2022,0,0,5584855.53125,43776847.2749999,31885776.943749975,33679844.125,0.0,76691.59375,137953.875,32393.28125,0
161,07/18/2022,0,0,5617248.8125,43914801.1499999,31962468.537499975,33679844.125,0.0,76691.59375,137953.875,32393.28125,0
162,07/19/2022,0,0,5649642.09375,44052755.0249999,32039160.131249975,33679844.125,0.0,76691.59375,137953.875,32393.28125,0
163,07/20/2022,0,0,5682035.375,44190708.8999999,32115851.724999975,33679844.125,0.0,76691.59375,137953.875,32393.28125,0
164,07/21/2022,0,0,5714428.65625,44328662.7749999,32192543.318749975,33679844.125,0.0,76691.59375,137953.875,32393.28125,0
165,07/22/2022,0,0,5746821.9375,44466616.6499999,32269234.912499975,33679844.125,0.0,76691.59375,137953.875,32393.28125,0
166,07/23/2022,0,0,5779215.21875,44604570.5249999,32345926.506249975,33679844.125,0.0,76691.59375,137953.875,32393.28125,0
167,07/24/2022,0,0,5811608.5,44742524.3999999,32422618.099999975,33679844.125,0.0,76691.59375,137953.875,32393.28125,0
168,07/25/2022,0,0,5844001.78125,44880478.2749999,32499309.693749975,33679844.125,0.0,76691.59375,137953.875,32393.28125,0
169,07/26/2022,0,0,5876395.0625,45018432.1499999,32576001.287499975,33679844.125,0.0,76691.59375,137953.875,32393.28125,0
170,07/27/2022,0,0,5908788.34375,45156386.0249999,32652692.881249975,33679844.125,0.0,76691.59375,137953.875,32393.28125,0
171,07/28/2022,0,0,5941181.625,45294339.8999999,32729384.474999975,33679844.125,0.0,76691.59375,137953.875,32393.28125,0
172,07/29/2022,0,0,5973574.90625,45432293.7749999,32806076.068749975,33679844.125,0.0,76691.59375,137953.875,32393.28125,0
173,07/30/2022,0,0,6005968.1875,45570247.6499999,32882767.662499975,33679844.125,0.0,76691.59375,137953.875,32393.28125,0
174,07/31/2022,0,0,6038361.46875,45708201.5249999,32959459.256249975,33679844.125,0.0,76691.59375,137953.875,32393.28125,0
175,08/01/2022,0,0,6070754.75,45846155.3999999,33036150.849999975,33679844.125,0.0,76691.59375,137953.875,32393.28125,0
176,08/02/2022,0,0,6103148.03125,45984109.2749999,33112842.443749975,33679844.125,0.0,76691.59375,137953.875,32393.28125,0
177,08/03/2022,0,0,6135541.3125,46122063.1499999,33189534.037499975,33679844.125,0.0,76691.59375,137953.875,32393.28125,0
178,08/04/2022,0,0,6167934.59375,46260017.0249999,33266225.631249975,33679844.125,0.0,76691.59375,137953.875,32393.28125,0
179,08/05/2022,0,0,6200327.875,46397970.8999999,33342917.224999975,33679844.125,0.0,76691.59375,137953.875,32393.28125,0
180,08/06/2022,0,0,6232721.15625,46535924.7749999,33419608.818749975,33679844.125,0.0,76691.59375,137953.875,32393.28125,0
181,08/07/2022,0,0,6265114.4375,46673878.6499999,33496300.412499975,33679844.125,0.0,76691.59375,137953.875,32393.28125,0
182,08/08/2022,0,0,6297507.71875,46811832.5249999,33572992.00624998,33679844.125,0.0,76691.59375000373,137953.875,32393.28125,0
183,08/09/2022,0,0,6329901.0,46949786.3999999,33649683.59999998,33679844.125,0.0,76691.59375,137953.875,32393.28125,0
184,08/10/2022,0,0,6362294.28125,47087740.2749999,33726375.19374998,33679844.125,0.0,76691.59375,137953.875,32393.28125,0
185,08/11/2022,0,0,6394687.5625,47225694.1499999,33803066.78749998,33679844.125,0.0,76691.59375,137953.875,32393.28125,0
186,08/12/2022,0,0,6427080.84375,47363648.0249999,33879758.38124998,33679844.125,0.0,76691.59375,137953.875,32393.28125,0
187,08/13/2022,0,0,6459474.125,47501601.8999999,33956449.97499998,33679844.125,0.0,76691.59375,137953.875,32393.28125,0
188,08/14/2022,0,0,6491867.40625,47639555.7749999,34033141.56874998,33679844.125,0.0,76691.59375,137953.875,32393.28125,0
189,08/15/2022,0,0,6524260.6875,47777509.6499999,34109833.16249998,33679844.125,0.0,76691.59375,137953.875,32393.28125,0
190,08/16/2022,0,0,6556653.96875,47915463.5249999,34186524.75624998,33679844.125,0.0,76691.59375,137953.875,32393.28125,0
191,08/17/2022,0,0,6589047.25,48053417.3999999,34263216.34999998,33679844.125,0.0,76691.59375,137953.875,32393.28125,0
192,08/18/2022,0,0,6621440.53125,48191371.2749999,34339907.94374998,33679844.125,0.0,76691.59375,137953.875,32393.28125,0
193,08/19/2022,0,0,6653833.8125,48329325.1499999,34416599.53749998,33679844.125,0.0,76691.59375,137953.875,32393.28125,0
194,08/20/2022,0,0,6686227.09375,48467279.0249999,34493291.13124998,33679844.125,0.0,76691.59375,137953.875,32393.28125,0
195,08/21/2022,0,0,6718620.375,48605232.8999999,34569982.72499998,33679844.125,0.0,76691.59375,137953.875,32393.28125,0
196,08/22/2022,0,0,6751013.65625,48743186.7749999,34646674.31874998,33679844.125,0.0,76691.59375,137953.875,32393.28125,0
197,08/23/2022,0,0,6783406.9375,48881140.6499999,34723365.91249998,33679844.125,0.0,76691.59375,137953.875,32393.28125,0
198,08/24/2022,0,0,6815800.21875,49019094.5249999,34800057.50624998,33679844.125,0.0,76691.59375,137953.875,32393.28125,0
199,08/25/2022,0,0,6848193.5,49157048.3999999,34876749.09999998,33679844.125,0.0,76691.59375,137953.875,32393.28125,0
200,08/26/2022,0,0,6880586.78125,49295002.2749999,34953440.69374998,33679844.125,0.0,76691.59375,137953.875,32393.28125,0
201,08/27/2022,0,0,6912980.0625,49432956.1499999,35030132.28749998,33679844.125,0.0,76691.59375,137953.875,32393.28125,0
202,08/28/2022,0,0,6945373.34375,49570910.0249999,35106823.88124998,33679844.125,0.0,76691.59375,137953.875,32393.28125,0
203,08/29/2022,0,0,6977766.625,49708863.8999999,35183515.47499998,33679844.125,0.0,76691.59375,137953.875,32393.28125,0
204,08/30/2022,0,0,7010159.90625,49846817.7749999,35260207.06874998,33679844.125,0.0,76691.59375,137953.875,32393.28125,0
205,08/31/2022,0,0,7042553.1875,49984771.6499999,35336898.66249998,33679844.125,0.0,76691.59375,137953.875,32393.28125,0
206,09/01/2022,0,0,7074946.46875,50122725.5249999,35413590.25624998,33679844.125,0.0,76691.59375,137953.875,32393.28125,0
207,09/02/2022,0,0,7107339.75,50260679.3999999,35490281.84999998,33679844.125,0.0,76691.59375,137953.875,32393.28125,0
208,09/03/2022,0,0,7139733.03125,50398633.2749999,35566973.44374998,33679844.125,0.0,76691.59375,137953.875,32393.28125,0
209,09/04/2022,0,0,7172126.3125,50536587.1499999,35643665.03749998,33679844.125,0.0,76691.59375,137953.875,32393.28125,0
210,09/05/2022,0,0,7204519.59375,50674541.0249999,35720356.63124998,33679844.125,0.0,76691.59375,137953.875,32393.28125,0
211,09/06/2022,0,0,7236912.875,50812494.8999999,35797048.22499998,33679844.125,0.0,76691.59375,137953.875,32393.28125,0
212,09/07/2022,0,0,7269306.15625,50950448.7749999,35873739.81874998,33679844.125,0.0,76691.59375,137953.875,32393.28125,0
213,09/08/2022,0,0,7301699.4375,51088402.6499999,35950431.41249998,33679844.125,0.0,76691.59375,137953.875,32393.28125,0
214,09/09/2022,0,0,7334092.71875,51226356.5249999,36027123.00624998,33679844.125,0.0,76691.59375,137953.875,32393.28125,0
215,09/10/2022,0,0,7366486.0,51364310.3999999,36103814.59999998,33679844.125,0.0,76691.59375,137953.875,32393.28125,0
216,09/11/2022,0,0,7398879.28125,51502264.2749999,36180506.19374998,33679844.125,0.0,76691.59375,137953.875,32393.28125,0
217,09/12/2022,0,0,7431272.5625,51640218.1499999,36257197.78749998,33679844.125,0.0,76691.59375,137953.875,32393.28125,0
218,09/13/2022,0,0,7463665.84375,51778172.0249999,36333889.38124998,33679844.125,0.0,76691.59375,137953.875,32393.28125,0
219,09/14/2022,0,0,7496059.125,51916125.8999999,36410580.97499998,33679844.125,0.0,76691.59375,137953.875,32393.28125,0
220,09/15/2022,0,0,7528452.40625,52054079.7749999,36487272.56874998,33679844.125,0.0,76691.59375,137953.875,32393.28125,0
221,09/16/2022,0,0,7560845.6875,52192033.6499999,36563964.16249998,33679844.125,0.0,76691.59375,137953.875,32393.28125,0
222,09/17/2022,0,0,7593238.96875,52329987.5249999,36640655.75624998,33679844.125,0.0,76691.59375,137953.875,32393.28125,0
223,09/18/2022,0,0,7625632.25,52467941.3999999,36717347.34999998,33679844.125,0.0,76691.59375,137953.875,32393.28125,0
224,09/19/2022,0,0,7658025.53125,52605895.2749999,36794038.94374998,33679844.125,0.0,76691.59375,137953.875,32393.28125,0
225,09/20/2022,0,0,7690418.8125,52743849.1499999,36870730.53749998,33679844.125,0.0,76691.59375,137953.875,32393.28125,0
226,09/21/2022,0,0,7722812.09375,52881803.0249999,36947422.13124998,33679844.125,0.0,76691.59375,137953.875,32393.28125,0
227,09/22/2022,0,0,7755205.375,53019756.8999999,37024113.72499998,33679844.125,0.0,76691.59375,137953.875,32393.28125,0
228,09/23/2022,0,0,7787598.65625,53157710.7749999,37100805.31874998,33679844.125,0.0,76691.59375,137953.875,32393.28125,0
229,09/24/2022,0,0,7819991.9375,53295664.6499999,37177496.91249998,33679844.125,0.0,76691.59375,137953.875,32393.28125,0
230,09/25/2022,0,0,7852385.21875,53433618.5249999,37254188.50624998,33679844.125,0.0,76691.59375,137953.875,32393.28125,0
231,09/26/2022,0,0,7884778.5,53571572.3999999,37330880.09999998,33679844.125,0.0,76691.59375,137953.875,32393.28125,0
232,09/27/2022,0,0,7917171.78125,53709526.2749999,37407571.69374998,33679844.125,0.0,76691.59375,137953.875,32393.28125,0
233,09/28/2022,0,0,7949565.0625,53847480.1499999,37484263.28749998,33679844.125,0.0,76691.59375,137953.875,32393.28125,0
234,09/29/2022,0,0,7981958.34375,53985434.0249999,37560954.88124998,33679844.125,0.0,76691.59375,137953.875,32393.28125,0
235,09/30/2022,0,0,8014351.625,54123387.8999999,37637646.47499998,33679844.125,0.0,76691.59375,137953.875,32393.28125,0
236,10/01/2022,0,0,8046744.90625,54261341.7749999,37714338.06874998,33679844.125,0.0,76691.59375,137953.875,32393.28125,0
237,10/02/2022,0,0,8079138.1875,54399295.6499999,37791029.66249998,33679844.125,0.0,76691.59375,137953.875,32393.28125,0
238,10/03/2022,0,0,8111531.46875,54537249.5249999,37867721.25624998,33679844.125,0.0,76691.59375,137953.875,32393.28125,0
239,10/04/2022,0,0,8143924.75,54675203.3999999,37944412.84999998,33679844.125,0.0,76691.59375,137953.875,32393.28125,0
240,10/05/2022,0,0,8176318.03125,54813157.2749999,38021104.44374998,33679844.125,0.0,76691.59375,137953.875,32393.28125,0
241,10/06/2022,0,0,8208711.3125,54951111.1499999,38097796.03749998,33679844.125,0.0,76691.59375,137953.875,32393.28125,0
242,10/07/2022,0,0,8241104.59375,55089065.0249999,38174487.63124998,33679844.125,0.0,76691.59375,137953.875,32393.28125,0
243,10/08/2022,0,0,8273497.875,55227018.8999999,38251179.22499998,33679844.125,0.0,76691.59375,137953.875,32393.28125,0
244,10/09/2022,0,0,8305891.15625,55364972.7749999,38327870.81874998,33679844.125,0.0,76691.59375,137953.875,32393.28125,0
245,10/10/2022,0,0,8338284.4375,55502926.6499999,38404562.41249998,33679844.125,0.0,76691.59375,137953.875,32393.28125,0
246,10/11/2022,0,0,8370677.71875,55640880.5249999,38481254.00624998,33679844.125,0.0,76691.59375,137953.875,32393.28125,0
247,10/12/2022,0,0,8403071.0,55778834.3999999,38557945.59999998,33679844.125,0.0,76691.59375,137953.875,32393.28125,0
248,10/13/2022,0,0,8435464.28125,55916788.2749999,38634637.19374998,33679844.125,0.0,76691.59375,137953.875,32393.28125,0
249,10/14/2022,0,0,8467857.5625,56054742.1499999,38711328.78749998,33679844.125,0.0,76691.59375,137953.875,32393.28125,0
250,10/15/2022,0,0,8500250.84375,56192696.0249999,38788020.38124998,33679844.125,0.0,76691.59375,137953.875,32393.28125,0
251,10/16/2022,0,0,8532644.125,56330649.8999999,38864711.97499998,33679844.125,0.0,76691.59375,137953.875,32393.28125,0
252,10/17/2022,0,0,8565037.40625,56468603.7749999,38941403.56874998,33679844.125,0.0,76691.59375,137953.875,32393.28125,0
253,10/18/2022,0,0,8597430.6875,56606557.6499999,39018095.16249998,33679844.125,0.0,76691.59375,137953.875,32393.28125,0
254,10/19/2022,0,0,8629823.96875,56744511.5249999,39094786.75624998,33679844.125,0.0,76691.59375,137953.875,32393.28125,0
255,10/20/2022,0,0,8662217.25,56882465.3999999,39171478.34999998,33679844.125,0.0,76691.59375,137953.875,32393.28125,0
256,10/21/2022,0,0,8694610.53125,57020419.2749999,39248169.94374998,33679844.125,0.0,76691.59375,137953.875,32393.28125,0
257,10/22/2022,0,0,8727003.8125,57158373.1499999,39324861.53749998,33679844.125,0.0,76691.59375,137953.875,32393.28125,0
258,10/23/2022,0,0,8759397.09375,57296327.0249999,39401553.13124998,33679844.125,0.0,76691.59375,137953.875,32393.28125,0
259,10/24/2022,0,0,8791790.375,57434280.8999999,39478244.72499998,33679844.125,0.0,76691.59375,137953.875,32393.28125,0
260,10/25/2022,0,0,8824183.65625,57572234.7749999,39554936.31874998,33679844.125,0.0,76691.59375,137953.875,32393.28125,0
261,10/26/2022,0,0,8856576.9375,57710188.6499999,39631627.91249998,33679844.125,0.0,76691.59375,137953.875,32393.28125,0
262,10/27/2022,0,0,8888970.21875,57848142.5249999,39708319.50624998,33679844.125,0.0,76691.59375,137953.875,32393.28125,0
263,10/28/2022,0,0,8921363.5,57986096.3999999,39785011.09999998,33679844.125,0.0,76691.59375,137953.875,32393.28125,0
264,10/29/2022,0,0,8953756.78125,58124050.2749999,39861702.69374998,33679844.125,0.0,76691.59375,137953.875,32393.28125,0
265,10/30/2022,0,0,8986150.0625,58262004.1499999,39938394.28749998,33679844.125,0.0,76691.59375,137953.875,32393.28125,0
266,10/31/2022,0,0,9018543.34375,58399958.0249999,39938394.28749998,33679844.125,0.0,0.0,137953.875,32393.28125,0
267,11/01/2022,0,0,9050936.625,58537911.8999999,39938394.28749998,33679844.125,0.0,0.0,137953.875,32393.28125,0
268,11/02/2022,0,0,9083329.90625,58675865.7749999,39938394.28749998,33679844.125,0.0,0.0,137953.875,32393.28125,0
269,11/03/2022,0,0,9115723.1875,58813819.6499999,39938394.28749998,33679844.125,0.0,0.0,137953.875,32393.28125,0
270,11/04/2022,0,0,9148116.46875,58951773.5249999,39938394.28749998,33679844.125,0.0,0.0,137953.875,32393.28125,0
271,11/05/2022,0,0,9180509.75,59089727.3999999,39938394.28749998,33679844.125,0.0,0.0,137953.875,32393.28125,0
272,11/06/2022,0,0,9212903.03125,59227681.2749999,39938394.28749998,33679844.125,0.0,0.0,137953.875,32393.28125,0
273,11/07/2022,0,0,9245296.3125,59365635.1499999,39938394.28749998,33679844.125,0.0,0.0,137953.875,32393.28125,0
274,11/08/2022,0,0,9277689.59375,59503589.0249999,39938394.28749998,33679844.125,0.0,0.0,137953.875,32393.28125,0
275,11/09/2022,0,0,9310082.875,59641542.8999999,39938394.28749998,33679844.125,0.0,0.0,137953.875,32393.28125,0
276,11/10/2022,0,0,9342476.15625,59779496.7749999,39938394.28749998,33679844.125,0.0,0.0,137953.875,32393.28125,0
277,11/11/2022,0,0,9374869.4375,59917450.6499999,39938394.28749998,33679844.125,0.0,0.0,137953.875,32393.28125,0
278,11/12/2022,0,0,9407262.71875,60055404.5249999,39938394.28749998,33679844.125,0.0,0.0,137953.875,32393.28125,0
279,11/13/2022,0,0,9439656.0,60193358.3999999,39938394.28749998,33679844.125,0.0,0.0,137953.875,32393.28125,0
280,11/14/2022,0,0,9472049.28125,60331312.2749999,39938394.28749998,33679844.125,0.0,0.0,137953.875,32393.28125,0
281,11/15/2022,0,0,9504442.5625,60469266.1499999,39938394.28749998,33679844.125,0.0,0.0,137953.875,32393.28125,0
282,11/16/2022,0,0,9536835.84375,60607220.0249999,39938394.28749998,33679844.125,0.0,0.0,137953.875,32393.28125,0
283,11/17/2022,0,0,9569229.125,60745173.8999999,39938394.28749998,33679844.125,0.0,0.0,137953.875,32393.28125,0
284,11/18/2022,0,0,9601622.40625,60883127.7749999,39938394.28749998,33679844.125,0.0,0.0,137953.875,32393.28125,0
285,11/19/2022,0,0,9634015.6875,61021081.6499999,39938394.28749998,33679844.125,0.0,0.0,137953.875,32393.28125,0
286,11/20/2022,0,0,9666408.96875,61159035.5249999,39938394.28749998,33679844.125,0.0,0.0,137953.875,32393.28125,0
287,11/21/2022,0,0,9698802.25,61296989.3999999,39938394.28749998,33679844.125,0.0,0.0,137953.875,32393.28125,0
288,11/22/2022,0,0,9731195.53125,61434943.2749999,39938394.28749998,33679844.125,0.0,0.0,137953.875,32393.28125,0
289,11/23/2022,0,0,9763588.8125,61572897.1499999,39938394.28749998,33679844.125,0.0,0.0,137953.875,32393.28125,0
290,11/24/2022,0,0,9795982.09375,61710851.0249999,39938394.28749998,33679844.125,0.0,0.0,137953.875,32393.28125,0
291,11/25/2022,0,0,9828375.375,61848804.8999999,39938394.28749998,33679844.125,0.0,0.0,137953.875,32393.28125,0
292,11/26/2022,0,0,9860768.65625,61986758.7749999,39938394.28749998,33679844.125,0.0,0.0,137953.875,32393.28125,0
293,11/27/2022,0,0,9893161.9375,62124712.6499999,39938394.28749998,33679844.125,0.0,0.0,137953.875,32393.28125,0
294,11/28/2022,0,0,9925555.21875,62262666.5249999,39938394.28749998,33679844.125,0.0,0.0,137953.875,32393.28125,0
295,11/29/2022,0,0,9957948.5,62400620.3999999,39938394.28749998,33679844.125,0.0,0.0,137953.875,32393.28125,0
296,11/30/2022,0,0,9990341.78125,62538574.2749999,39938394.28749998,33679844.125,0.0,0.0,137953.875,32393.28125,0
297,12/01/2022,0,0,10022735.0625,62676528.1499999,39938394.28749998,33679844.125,0.0,0.0,137953.875,32393.28125,0
298,12/02/2022,0,0,10055128.34375,62814482.0249999,39938394.28749998,33679844.125,0.0,0.0,137953.875,32393.28125,0
299,12/03/2022,0,0,10087521.625,62952435.8999999,39938394.28749998,33679844.125,0.0,0.0,137953.875,32393.28125,0
300,12/04/2022,0,0,10119914.90625,63090389.7749999,39938394.28749998,33679844.125,0.0,0.0,137953.875,32393.28125,0
301,12/05/2022,0,0,10152308.1875,63228343.6499999,39938394.28749998,33679844.125,0.0,0.0,137953.875,32393.28125,0
302,12/06/2022,0,0,10184701.46875,63366297.5249999,39938394.28749998,33679844.125,0.0,0.0,137953.875,32393.28125,0
303,12/07/2022,0,0,10217094.75,63504251.3999999,39938394.28749998,33679844.125,0.0,0.0,137953.875,32393.28125,0
304,12/08/2022,0,0,10249488.03125,63642205.2749999,39938394.28749998,33679844.125,0.0,0.0,137953.875,32393.28125,0
305,12/09/2022,0,0,10281881.3125,63780159.1499999,39938394.28749998,33679844.125,0.0,0.0,137953.875,32393.28125,0
306,12/10/2022,0,0,10314274.59375,63918113.0249999,39938394.28749998,33679844.125,0.0,0.0,137953.875,32393.28125,0
307,12/11/2022,0,0,10346667.875,64056066.8999999,39938394.28749998,33679844.125,0.0,0.0,137953.875,32393.28125,0
308,12/12/2022,0,0,10379061.15625,64194020.7749999,39938394.28749998,33679844.125,0.0,0.0,137953.875,32393.28125,0
309,12/13/2022,0,0,10411454.4375,64331974.6499999,39938394.28749998,33679844.125,0.0,0.0,137953.875,32393.28125,0
310,12/14/2022,0,0,10443847.71875,64469928.5249999,39938394.28749998,33679844.125,0.0,0.0,137953.875,32393.28125,0
311,12/15/2022,0,0,10476241.0,64607882.3999999,39938394.28749998,33679844.125,0.0,0.0,137953.875,32393.28125,0
312,12/16/2022,0,0,10508634.28125,64745836.2749999,39938394.28749998,33679844.125,0.0,0.0,137953.875,32393.28125,0
313,12/17/2022,0,0,10541027.5625,64883790.1499999,39938394.28749998,33679844.125,0.0,0.0,137953.875,32393.28125,0
314,12/18/2022,0,0,10541027.5625,65021744.0249999,39938394.28749998,33679844.125,0.0,0.0,137953.875,0.0,0
315,12/19/2022,0,0,10541027.5625,65159697.8999999,39938394.28749998,33679844.125,0.0,0.0,137953.875,0.0,0
316,12/20/2022,0,0,10541027.5625,65297651.7749999,39938394.28749998,33679844.125,0.0,0.0,137953.875,0.0,0
317,12/21/2022,0,0,10541027.5625,65435605.6499999,39938394.28749998,33679844.125,0.0,0.0,137953.875,0.0,0
318,12/22/2022,0,0,10541027.5625,65573559.5249999,39938394.28749998,33679844.125,0.0,0.0,137953.875,0.0,0
319,12/23/2022,0,0,10541027.5625,65711513.3999999,39938394.28749998,33679844.125,0.0,0.0,137953.875,0.0,0
320,12/24/2022,0,0,10541027.5625,65849467.2749999,39938394.28749998,33679844.125,0.0,0.0,137953.875,0.0,0
321,12/25/2022,0,0,10541027.5625,65987421.1499999,39938394.28749998,33679844.125,0.0,0.0,137953.875,0.0,0
322,12/26/2022,0,0,10541027.5625,66125375.0249999,39938394.28749998,33679844.125,0.0,0.0,137953.875,0.0,0
323,12/27/2022,0,0,10541027.5625,66263328.8999999,39938394.28749998,33679844.125,0.0,0.0,137953.875,0.0,0
324,12/28/2022,0,0,10541027.5625,66401282.7749999,39938394.28749998,33679844.125,0.0,0.0,137953.875,0.0,0
325,12/29/2022,0,0,10541027.5625,66539236.6499999,39938394.28749998,33679844.125,0.0,0.0,137953.875,0.0,0
326,12/30/2022,0,0,10541027.5625,66677190.5249999,39938394.28749998,33679844.125,0.0,0.0,137953.875,0.0,0
327,12/31/2022,0,0,10541027.5625,66815144.3999999,39938394.28749998,33679844.125,0.0,0.0,137953.875,0.0,0
328,01/01/2023,0,0,10541027.5625,66953098.2749999,39938394.28749998,33679844.125,0.0,0.0,137953.875,0.0,0
329,01/02/2023,0,0,10541027.5625,67091052.1499999,39938394.28749998,33679844.125,0.0,0.0,137953.875,0.0,0
330,01/03/2023,0,0,10541027.5625,67229006.0249999,39938394.28749998,33679844.125,0.0,0.0,137953.875,0.0,0
331,01/04/2023,0,0,10541027.5625,67366959.8999999,39938394.28749998,33679844.125,0.0,0.0,137953.875,0.0,0
332,01/05/2023,0,0,10541027.5625,67504913.7749999,39938394.28749998,33679844.125,0.0,0.0,137953.875,0.0,0
333,01/06/2023,0,0,10541027.5625,67642867.6499999,39938394.28749998,33679844.125,0.0,0.0,137953.875,0.0,0
334,01/07/2023,0,0,10541027.5625,67780821.5249999,39938394.28749998,33679844.125,0.0,0.0,137953.875,0.0,0
335,01/08/2023,0,0,10541027.5625,67918775.3999999,39938394.28749998,33679844.125,0.0,0.0,137953.875,0.0,0
336,01/09/2023,0,0,10541027.5625,68056729.2749999,39938394.28749998,33679844.125,0.0,0.0,137953.875,0.0,0
337,01/10/2023,0,0,10541027.5625,68194683.1499999,39938394.28749998,33679844.125,0.0,0.0,137953.875,0.0,0
338,01/11/2023,0,0,10541027.5625,68332637.0249999,39938394.28749998,33679844.125,0.0,0.0,137953.875,0.0,0
339,01/12/2023,0,0,10541027.5625,68470590.8999999,39938394.28749998,33679844.125,0.0,0.0,137953.875,0.0,0
340,01/13/2023,0,0,10541027.5625,68608544.7749999,39938394.28749998,33679844.125,0.0,0.0,137953.875,0.0,0
341,01/14/2023,0,0,10541027.5625,68746498.6499999,39938394.28749998,33679844.125,0.0,0.0,137953.875,0.0,0
342,01/15/2023,0,0,10541027.5625,68884452.5249999,39938394.28749998,33679844.125,0.0,0.0,137953.875,0.0,0
343,01/16/2023,0,0,10541027.5625,69022406.3999999,39938394.28749998,33679844.125,0.0,0.0,137953.875,0.0,0
344,01/17/2023,0,0,10541027.5625,69160360.2749999,39938394.28749998,33679844.125,0.0,0.0,137953.875,0.0,0
345,01/18/2023,0,0,10541027.5625,69298314.1499999,39938394.28749998,33679844.125,0.0,0.0,137953.875,0.0,0
346,01/19/2023,0,0,10541027.5625,69436268.0249999,39938394.28749998,33679844.125,0.0,0.0,137953.875,0.0,0
347,01/20/2023,0,0,10541027.5625,69574221.8999999,39938394.28749998,33679844.125,0.0,0.0,137953.875,0.0,0
348,01/21/2023,0,0,10541027.5625,69712175.7749999,39938394.28749998,33679844.125,0.0,0.0,137953.875,0.0,0
349,01/22/2023,0,0,10541027.5625,69850129.6499999,39938394.28749998,33679844.125,0.0,0.0,137953.875,0.0,0
350,01/23/2023,0,0,10541027.5625,69988083.5249999,39938394.28749998,33679844.125,0.0,0.0,137953.875,0.0,0
351,01/24/2023,0,0,10541027.5625,70126037.3999999,39938394.28749998,33679844.125,0.0,0.0,137953.875,0.0,0
352,01/25/2023,0,0,10541027.5625,70263991.2749999,39938394.28749998,33679844.125,0.0,0.0,137953.875,0.0,0
353,01/26/2023,0,0,10541027.5625,70401945.1499999,39938394.28749998,33679844.125,0.0,0.0,137953.875,0.0,0
354,01/27/2023,0,0,10541027.5625,70539899.0249999,39938394.28749998,33679844.125,0.0,0.0,137953.875,0.0,0
355,01/28/2023,0,0,10541027.5625,70677852.8999999,39938394.28749998,33679844.125,0.0,0.0,137953.875,0.0,0
356,01/29/2023,0,0,10541027.5625,70815806.7749999,39938394.28749998,33679844.125,0.0,0.0,137953.875,0.0,0
357,01/30/2023,0,0,10541027.5625,70953760.6499999,39938394.28749998,33679844.125,0.0,0.0,137953.875,0.0,0
358,01/31/2023,0,0,10541027.5625,71091714.5249999,39938394.28749998,33679844.125,0.0,0.0,137953.875,0.0,0
359,02/01/2023,0,0,10541027.5625,71229668.3999999,39938394.28749998,33679844.125,0.0,0.0,137953.875,0.0,0
360,02/02/2023,0,0,10541027.5625,71367622.2749999,39938394.28749998,33679844.125,0.0,0.0,137953.875,0.0,0
361,02/03/2023,0,0,10541027.5625,71505576.1499999,39938394.28749998,33679844.125,0.0,0.0,137953.875,0.0,0
362,02/04/2023,0,0,10541027.5625,71643530.0249999,39938394.28749998,33679844.125,0.0,0.0,137953.875,0.0,0
363,02/05/2023,0,0,10541027.5625,71781483.8999999,39938394.28749998,33679844.125,0.0,0.0,137953.875,0.0,0
364,02/06/2023,0,0,10541027.5625,71919437.7749999,39938394.28749998,33679844.125,0.0,0.0,137953.875,0.0,0
365,02/07/2023,0,0,10541027.5625,72057391.6499999,39938394.28749998,33679844.125,0.0,0.0,137953.875,0.0,0
366,02/08/2023,0,0,10541027.5625,72195345.5249999,39938394.28749998,33679844.125,0.0,0.0,137953.875,0.0,0
367,02/09/2023,0,0,10541027.5625,72333299.3999999,39938394.28749998,33679844.125,0.0,0.0,137953.875,0.0,0
368,02/10/2023,0,0,10541027.5625,72471253.2749999,39938394.28749998,33679844.125,0.0,0.0,137953.875,0.0,0
369,02/11/2023,0,0,10541027.5625,72609207.1499999,39938394.28749998,33679844.125,0.0,0.0,137953.875,0.0,0
370,02/12/2023,0,0,10541027.5625,72747161.0249999,39938394.28749998,33679844.125,0.0,0.0,137953.875,0.0,0
371,02/13/2023,0,0,10541027.5625,72885114.8999999,39938394.28749998,33679844.125,0.0,0.0,137953.875,0.0,0
372,02/14/2023,0,0,10541027.5625,73023068.7749999,39938394.28749998,33679844.125,0.0,0.0,137953.875,0.0,0
373,02/15/2023,0,0,10541027.5625,73161022.6499999,39938394.28749998,33679844.125,0.0,0.0,137953.875,0.0,0
374,02/16/2023,0,0,10541027.5625,73298976.5249999,39938394.28749998,33679844.125,0.0,0.0,137953.875,0.0,0
375,02/17/2023,0,0,10541027.5625,73436930.3999999,39938394.28749998,33679844.125,0.0,0.0,137953.875,0.0,0
376,02/18/2023,0,0,10541027.5625,73574884.2749999,39938394.28749998,33679844.125,0.0,0.0,137953.875,0.0,0
377,02/19/2023,0,0,10541027.5625,73712838.1499999,39938394.28749998,33679844.125,0.0,0.0,137953.875,0.0,0
378,02/20/2023,0,0,10541027.5625,73850792.0249999,39938394.28749998,33679844.125,0.0,0.0,137953.875,0.0,0
379,02/21/2023,0,0,10541027.5625,73988745.8999999,39938394.28749998,33679844.125,0.0,0.0,137953.875,0.0,0
380,02/22/2023,0,0,10541027.5625,74126699.7749999,39938394.28749998,33679844.125,0.0,0.0,137953.875,0.0,0
381,02/23/2023,0,0,10541027.5625,74264653.6499999,39938394.28749998,33679844.125,0.0,0.0,137953.875,0.0,0
382,02/24/2023,0,0,10541027.5625,74402607.5249999,39938394.28749998,33679844.125,0.0,0.0,137953.875,0.0,0
383,02/25/2023,0,0,10541027.5625,74540561.3999999,39938394.28749998,33679844.125,0.0,0.0,137953.875,0.0,0
384,02/26/2023,0,0,10541027.5625,74678515.2749999,39938394.28749998,33679844.125,0.0,0.0,137953.875,0.0,0
385,02/27/2023,0,0,10541027.5625,74816469.1499999,39938394.28749998,33679844.125,0.0,0.0,137953.875,0.0,0
386,02/28/2023,0,0,10541027.5625,74954423.0249999,39938394.28749998,33679844.125,0.0,0.0,137953.875,0.0,0
387,03/01/2023,0,0,10541027.5625,75092376.8999999,39938394.28749998,33679844.125,0.0,0.0,137953.875,0.0,0
388,03/02/2023,0,0,10541027.5625,75230330.7749999,39938394.28749998,33679844.125,0.0,0.0,137953.875,0.0,0
389,03/03/2023,0,0,10541027.5625,75368284.6499999,39938394.28749998,33679844.125,0.0,0.0,137953.875,0.0,0
390,03/04/2023,0,0,10541027.5625,75506238.5249999,39938394.28749998,33679844.125,0.0,0.0,137953.875,0.0,0
391,03/05/2023,0,0,10541027.5625,75644192.3999999,39938394.28749998,33679844.125,0.0,0.0,137953.875,0.0,0
392,03/06/2023,0,0,10541027.5625,75782146.2749999,39938394.28749998,33679844.125,0.0,0.0,137953.875,0.0,0
393,03/07/2023,0,0,10541027.5625,75920100.1499999,39938394.28749998,33679844.125,0.0,0.0,137953.875,0.0,0
394,03/08/2023,0,0,10541027.5625,76058054.0249999,39938394.28749998,33679844.125,0.0,0.0,137953.875,0.0,0
395,03/09/2023,0,0,10541027.5625,76196007.8999999,39938394.28749998,33679844.125,0.0,0.0,137953.875,0.0,0
396,03/10/2023,0,0,10541027.5625,76333961.7749999,39938394.28749998,33679844.125,0.0,0.0,137953.875,0.0,0
397,03/11/2023,0,0,10541027.5625,76471915.6499999,39938394.28749998,33679844.125,0.0,0.0,137953.875,0.0,0
398,03/12/2023,0,0,10541027.5625,76609869.5249999,39938394.28749998,33679844.125,0.0,0.0,137953.875,0.0,0
399,03/13/2023,0,0,10541027.5625,76747823.3999999,39938394.28749998,33679844.125,0.0,0.0,137953.875,0.0,0
400,03/14/2023,0,0,10541027.5625,76885777.2749999,39938394.28749998,33679844.125,0.0,0.0,137953.875,0.0,0
401,03/15/2023,0,0,10541027.5625,77023731.1499999,39938394.28749998,33679844.125,0.0,0.0,137953.875,0.0,0
402,03/16/2023,0,0,10541027.5625,77161685.0249999,39938394.28749998,33679844.125,0.0,0.0,137953.875,0.0,0
403,03/17/2023,0,0,10541027.5625,77299638.8999999,39938394.28749998,33679844.125,0.0,0.0,137953.875,0.0,0
404,03/18/2023,0,0,10541027.5625,77437592.7749999,39938394.28749998,33679844.125,0.0,0.0,137953.875,0.0,0
405,03/19/2023,0,0,10541027.5625,77575546.6499999,39938394.28749998,33679844.125,0.0,0.0,137953.875,0.0,0
406,03/20/2023,0,0,10541027.5625,77713500.5249999,39938394.28749998,33679844.125,0.0,0.0,137953.875,0.0,0
407,03/21/2023,0,0,10541027.5625,77851454.3999999,39938394.28749998,33679844.125,0.0,0.0,137953.875,0.0,0
408,03/22/2023,0,0,10541027.5625,77989408.2749999,39938394.28749998,33679844.125,0.0,0.0,137953.875,0.0,0
409,03/23/2023,0,0,10541027.5625,78127362.1499999,39938394.28749998,33679844.125,0.0,0.0,137953.875,0.0,0
410,03/24/2023,0,0,10541027.5625,78265316.0249999,39938394.28749998,33679844.125,0.0,0.0,137953.875,0.0,0
411,03/25/2023,0,0,10541027.5625,78403269.8999999,39938394.28749998,33679844.125,0.0,0.0,137953.875,0.0,0
412,03/26/2023,0,0,10541027.5625,78541223.7749999,39938394.28749998,33679844.125,0.0,0.0,137953.875,0.0,0
413,03/27/2023,0,0,10541027.5625,78541223.7749999,39938394.28749998,33679844.125,0.0,0.0,0.0,0.0,0
414,03/28/2023,0,0,10541027.5625,78541223.7749999,39938394.28749998,33679844.125,0.0,0.0,0.0,0.0,0
415,03/29/2023,0,0,10541027.5625,78541223.7749999,39938394.28749998,33679844.125,0.0,0.0,0.0,0.0,0
416,03/30/2023,0,0,10541027.5625,78541223.7749999,39938394.28749998,33679844.125,0.0,0.0,0.0,0.0,0
417,03/31/2023,0,0,10541027.5625,78541223.7749999,39938394.28749998,33679844.125,0.0,0.0,0.0,0.0,0
418,04/01/2023,0,0,10541027.5625,78541223.7749999,39938394.28749998,33679844.125,0.0,0.0,0.0,0.0,0
419,04/02/2023,0,0,10541027.5625,78541223.7749999,39938394.28749998,33679844.125,0.0,0.0,0.0,0.0,0
420,04/03/2023,0,0,10541027.5625,78541223.7749999,39938394.28749998,33679844.125,0.0,0.0,0.0,0.0,0
421,04/04/2023,0,0,10541027.5625,78541223.7749999,39938394.28749998,33679844.125,0.0,0.0,0.0,0.0,0
422,04/05/2023,0,0,10541027.5625,78541223.7749999,39938394.28749998,33679844.125,0.0,0.0,0.0,0.0,0
423,04/06/2023,0,0,10541027.5625,78541223.7749999,39938394.28749998,33679844.125,0.0,0.0,0.0,0.0,0
424,04/07/2023,0,0,10541027.5625,78541223.7749999,39938394.28749998,33679844.125,0.0,0.0,0.0,0.0,0
425,04/08/2023,0,0,10541027.5625,78541223.7749999,39938394.28749998,33679844.125,0.0,0.0,0.0,0.0,0
426,04/09/2023,0,0,10541027.5625,78541223.7749999,39938394.28749998,33679844.125,0.0,0.0,0.0,0.0,0
427,04/10/2023,0,0,10541027.5625,78541223.7749999,39938394.28749998,33679844.125,0.0,0.0,0.0,0.0,0
428,04/11/2023,0,0,10541027.5625,78541223.7749999,39938394.28749998,33679844.125,0.0,0.0,0.0,0.0,0
429,04/12/2023,0,0,10541027.5625,78541223.7749999,39938394.28749998,33679844.125,0.0,0.0,0.0,0.0,0
430,04/13/2023,0,0,10541027.5625,78541223.7749999,39938394.28749998,33679844.125,0.0,0.0,0.0,0.0,0
431,04/14/2023,0,0,10541027.5625,78541223.7749999,39938394.28749998,33679844.125,0.0,0.0,0.0,0.0,0
432,04/15/2023,0,0,10541027.5625,78541223.7749999,39938394.28749998,33679844.125,0.0,0.0,0.0,0.0,0
433,04/16/2023,0,0,10541027.5625,78541223.7749999,39938394.28749998,33679844.125,0.0,0.0,0.0,0.0,0
434,04/17/2023,0,0,10541027.5625,78541223.7749999,39938394.28749998,33679844.125,0.0,0.0,0.0,0.0,0
435,04/18/2023,0,0,10541027.5625,78541223.7749999,39938394.28749998,33679844.125,0.0,0.0,0.0,0.0,0
436,04/19/2023,0,0,10541027.5625,78541223.7749999,39938394.28749998,33679844.125,0.0,0.0,0.0,0.0,0
437,04/20/2023,0,0,10541027.5625,78541223.7749999,39938394.28749998,33679844.125,0.0,0.0,0.0,0.0,0
438,04/21/2023,0,0,10541027.5625,78541223.7749999,39938394.28749998,33679844.125,0.0,0.0,0.0,0.0,0
439,04/22/2023,0,0,10541027.5625,78541223.7749999,39938394.28749998,33679844.125,0.0,0.0,0.0,0.0,0
440,04/23/2023,0,0,10541027.5625,78541223.7749999,39938394.28749998,33679844.125,0.0,0.0,0.0,0.0,0
441,04/24/2023,0,0,10541027.5625,78541223.7749999,39938394.28749998,33679844.125,0.0,0.0,0.0,0.0,0
442,04/25/2023,0,0,10541027.5625,78541223.7749999,39938394.28749998,33679844.125,0.0,0.0,0.0,0.0,0
443,04/26/2023,0,0,10541027.5625,78541223.7749999,39938394.28749998,33679844.125,0.0,0.0,0.0,0.0,0
444,04/27/2023,0,0,10541027.5625,78541223.7749999,39938394.28749998,33679844.125,0.0,0.0,0.0,0.0,0
445,04/28/2023,0,0,10541027.5625,78541223.7749999,39938394.28749998,33679844.125,0.0,0.0,0.0,0.0,0
446,04/29/2023,0,0,10541027.5625,78541223.7749999,39938394.28749998,33679844.125,0.0,0.0,0.0,0.0,0
447,04/30/2023,0,0,10541027.5625,78541223.7749999,39938394.28749998,33679844.125,0.0,0.0,0.0,0.0,0
448,05/01/2023,0,0,10541027.5625,78541223.7749999,39938394.28749998,33679844.125,0.0,0.0,0.0,0.0,0
449,05/02/2023,0,0,10541027.5625,78541223.7749999,39938394.28749998,33679844.125,0.0,0.0,0.0,0.0,0
450,05/03/2023,0,0,10541027.5625,78541223.7749999,39938394.28749998,33679844.125,0.0,0.0,0.0,0.0,0
451,05/04/2023,0,0,10541027.5625,78541223.7749999,39938394.28749998,33679844.125,0.0,0.0,0.0,0.0,0
452,05/05/2023,0,0,10541027.5625,78541223.7749999,39938394.28749998,33679844.125,0.0,0.0,0.0,0.0,0
453,05/06/2023,0,0,10541027.5625,78541223.7749999,39938394.28749998,33679844.125,0.0,0.0,0.0,0.0,0
454,05/07/2023,0,0,10541027.5625,78541223.7749999,39938394.28749998,33679844.125,0.0,0.0,0.0,0.0,0
455,05/08/2023,0,0,10541027.5625,78541223.7749999,39938394.28749998,33679844.125,0.0,0.0,0.0,0.0,0
456,05/09/2023,0,0,10541027.5625,78541223.7749999,39938394.28749998,33679844.125,0.0,0.0,0.0,0.0,0
457,05/10/2023,0,0,10541027.5625,78541223.7749999,39938394.28749998,33679844.125,0.0,0.0,0.0,0.0,0
458,05/11/2023,0,0,10541027.5625,78541223.7749999,39938394.28749998,33679844.125,0.0,0.0,0.0,0.0,0
459,05/12/2023,0,0,10541027.5625,78541223.7749999,39938394.28749998,33679844.125,0.0,0.0,0.0,0.0,0
460,05/13/2023,0,0,10541027.5625,78541223.7749999,39938394.28749998,33679844.125,0.0,0.0,0.0,0.0,0
461,05/14/2023,0,0,10541027.5625,78541223.7749999,39938394.28749998,33679844.125,0.0,0.0,0.0,0.0,0
462,05/15/2023,0,0,10541027.5625,78541223.7749999,39938394.28749998,33679844.125,0.0,0.0,0.0,0.0,0
463,05/16/2023,0,0,10541027.5625,78541223.7749999,39938394.28749998,33679844.125,0.0,0.0,0.0,0.0,0
464,05/17/2023,0,0,10541027.5625,78541223.7749999,39938394.28749998,33679844.125,0.0,0.0,0.0,0.0,0
465,05/18/2023,0,0,10541027.5625,78541223.7749999,39938394.28749998,33679844.125,0.0,0.0,0.0,0.0,0
466,05/19/2023,0,0,10541027.5625,78541223.7749999,39938394.28749998,33679844.125,0.0,0.0,0.0,0.0,0
467,05/20/2023,0,0,10541027.5625,78541223.7749999,39938394.28749998,33679844.125,0.0,0.0,0.0,0.0,0
468,05/21/2023,0,0,10541027.5625,78541223.7749999,39938394.28749998,33679844.125,0.0,0.0,0.0,0.0,0
469,05/22/2023,0,0,10541027.5625,78541223.7749999,39938394.28749998,33679844.125,0.0,0.0,0.0,0.0,0
470,05/23/2023,0,0,10541027.5625,78541223.7749999,39938394.28749998,33679844.125,0.0,0.0,0.0,0.0,0
471,05/24/2023,0,0,10541027.5625,78541223.7749999,39938394.28749998,33679844.125,0.0,0.0,0.0,0.0,0
472,05/25/2023,0,0,10541027.5625,78541223.7749999,39938394.28749998,33679844.125,0.0,0.0,0.0,0.0,0
473,05/26/2023,0,0,10541027.5625,78541223.7749999,39938394.28749998,33679844.125,0.0,0.0,0.0,0.0,0
474,05/27/2023,0,0,10541027.5625,78541223.7749999,39938394.28749998,33679844.125,0.0,0.0,0.0,0.0,0
475,05/28/2023,0,0,10541027.5625,78541223.7749999,39938394.28749998,33679844.125,0.0,0.0,0.0,0.0,0
476,05/29/2023,0,0,10541027.5625,78541223.7749999,39938394.28749998,33679844.125,0.0,0.0,0.0,0.0,0
477,05/30/2023,0,0,10541027.5625,78541223.7749999,39938394.28749998,33679844.125,0.0,0.0,0.0,0.0,0
478,05/31/2023,0,0,10541027.5625,78541223.7749999,39938394.28749998,33679844.125,0.0,0.0,0.0,0.0,0
479,06/01/2023,0,0,10541027.5625,78541223.7749999,39938394.28749998,33679844.125,0.0,0.0,0.0,0.0,0
480,06/02/2023,0,0,10541027.5625,78541223.7749999,39938394.28749998,33679844.125,0.0,0.0,0.0,0.0,0
481,06/03/2023,0,0,10541027.5625,78541223.7749999,39938394.28749998,33679844.125,0.0,0.0,0.0,0.0,0
482,06/04/2023,0,0,10541027.5625,78541223.7749999,39938394.28749998,33679844.125,0.0,0.0,0.0,0.0,0
483,06/05/2023,0,0,10541027.5625,78541223.7749999,39938394.28749998,33679844.125,0.0,0.0,0.0,0.0,0
484,06/06/2023,0,0,10541027.5625,78541223.7749999,39938394.28749998,33679844.125,0.0,0.0,0.0,0.0,0
485,06/07/2023,0,0,10541027.5625,78541223.7749999,39938394.28749998,33679844.125,0.0,0.0,0.0,0.0,0
486,06/08/2023,0,0,10541027.5625,78541223.7749999,39938394.28749998,33679844.125,0.0,0.0,0.0,0.0,0
487,06/09/2023,0,0,10541027.5625,78541223.7749999,39938394.28749998,33679844.125,0.0,0.0,0.0,0.0,0
488,06/10/2023,0,0,10541027.5625,78541223.7749999,39938394.28749998,33679844.125,0.0,0.0,0.0,0.0,0
489,06/11/2023,0,0,10541027.5625,78541223.7749999,39938394.28749998,33679844.125,0.0,0.0,0.0,0.0,0
490,06/12/2023,0,0,10541027.5625,78541223.7749999,39938394.28749998,33679844.125,0.0,0.0,0.0,0.0,0
491,06/13/2023,0,0,10541027.5625,78541223.7749999,39938394.28749998,33679844.125,0.0,0.0,0.0,0.0,0
492,06/14/2023,0,0,10541027.5625,78541223.7749999,39938394.28749998,33679844.125,0.0,0.0,0.0,0.0,0
493,06/15/2023,0,0,10541027.5625,78541223.7749999,39938394.28749998,33679844.125,0.0,0.0,0.0,0.0,0
494,06/16/2023,0,0,10541027.5625,78541223.7749999,39938394.28749998,33679844.125,0.0,0.0,0.0,0.0,0
495,06/17/2023,0,0,10541027.5625,78541223.7749999,39938394.28749998,33679844.125,0.0,0.0,0.0,0.0,0
496,06/18/2023,0,0,10541027.5625,78541223.7749999,39938394.28749998,33679844.125,0.0,0.0,0.0,0.0,0
497,06/19/2023,0,0,10541027.5625,78541223.7749999,39938394.28749998,33679844.125,0.0,0.0,0.0,0.0,0
498,06/20/2023,0,0,10541027.5625,78541223.7749999,39938394.28749998,33679844.125,0.0,0.0,0.0,0.0,0
499,06/21/2023,0,0,10541027.5625,78541223.7749999,39938394.28749998,33679844.125,0.0,0.0,0.0,0.0,0
500,06/22/2023,0,0,10541027.5625,78541223.7749999,39938394.28749998,33679844.125,0.0,0.0,0.0,0.0,0
501,06/23/2023,0,0,10541027.5625,78541223.7749999,39938394.28749998,33679844.125,0.0,0.0,0.0,0.0,0
502,06/24/2023,0,0,10541027.5625,78541223.7749999,39938394.28749998,33679844.125,0.0,0.0,0.0,0.0,0
503,06/25/2023,0,0,10541027.5625,78541223.7749999,39938394.28749998,33679844.125,0.0,0.0,0.0,0.0,0
504,06/26/2023,0,0,10541027.5625,78541223.7749999,39938394.28749998,33679844.125,0.0,0.0,0.0,0.0,0
505,06/27/2023,0,0,10541027.5625,78541223.7749999,39938394.28749998,33679844.125,0.0,0.0,0.0,0.0,0
506,06/28/2023,0,0,10541027.5625,78541223.7749999,39938394.28749998,33679844.125,0.0,0.0,0.0,0.0,0
507,06/29/2023,0,0,10541027.5625,78541223.7749999,39938394.28749998,33679844.125,0.0,0.0,0.0,0.0,0
508,06/30/2023,0,0,10541027.5625,78541223.7749999,39938394.28749998,33679844.125,0.0,0.0,0.0,0.0,0
509,07/01/2023,0,0,10541027.5625,78541223.7749999,39938394.28749998,33679844.125,0.0,0.0,0.0,0.0,0
510,07/02/2023,0,0,10541027.5625,78541223.7749999,39938394.28749998,33679844.125,0.0,0.0,0.0,0.0,0
511,07/03/2023,0,0,10541027.5625,78541223.7749999,39938394.28749998,33679844.125,0.0,0.0,0.0,0.0,0
512,07/04/2023,0,0,10541027.5625,78541223.7749999,39938394.28749998,33679844.125,0.0,0.0,0.0,0.0,0
513,07/05/2023,0,0,10541027.5625,78541223.7749999,39938394.28749998,33679844.125,0.0,0.0,0.0,0.0,0
514,07/06/2023,0,0,10541027.5625,78541223.7749999,39938394.28749998,33679844.125,0.0,0.0,0.0,0.0,0
515,07/07/2023,0,0,10541027.5625,78541223.7749999,39938394.28749998,33679844.125,0.0,0.0,0.0,0.0,0
516,07/08/2023,0,0,10541027.5625,78541223.7749999,39938394.28749998,33679844.125,0.0,0.0,0.0,0.0,0
517,07/09/2023,0,0,10541027.5625,78541223.7749999,39938394.28749998,33679844.125,0.0,0.0,0.0,0.0,0
518,07/10/2023,0,0,10541027.5625,78541223.7749999,39938394.28749998,33679844.125,0.0,0.0,0.0,0.0,0
519,07/11/2023,0,0,10541027.5625,78541223.7749999,39938394.28749998,33679844.125,0.0,0.0,0.0,0.0,0
520,07/12/2023,0,0,10541027.5625,78541223.7749999,39938394.28749998,33679844.125,0.0,0.0,0.0,0.0,0
521,07/13/2023,0,0,10541027.5625,78541223.7749999,39938394.28749998,33679844.125,0.0,0.0,0.0,0.0,0
522,07/14/2023,0,0,10541027.5625,78541223.7749999,39938394.28749998,33679844.125,0.0,0.0,0.0,0.0,0
523,07/15/2023,0,0,10541027.5625,78541223.7749999,39938394.28749998,33679844.125,0.0,0.0,0.0,0.0,0
524,07/16/2023,0,0,10541027.5625,78541223.7749999,39938394.28749998,33679844.125,0.0,0.0,0.0,0.0,0
525,07/17/2023,0,0,10541027.5625,78541223.7749999,39938394.28749998,33679844.125,0.0,0.0,0.0,0.0,0
526,07/18/2023,0,0,10541027.5625,78541223.7749999,39938394.28749998,33679844.125,0.0,0.0,0.0,0.0,0
527,07/19/2023,0,0,10541027.5625,78541223.7749999,39938394.28749998,33679844.125,0.0,0.0,0.0,0.0,0
528,07/20/2023,0,0,10541027.5625,78541223.7749999,39938394.28749998,33679844.125,0.0,0.0,0.0,0.0,0
529,07/21/2023,0,0,10541027.5625,78541223.7749999,39938394.28749998,33679844.125,0.0,0.0,0.0,0.0,0
530,07/22/2023,0,0,10541027.5625,78541223.7749999,39938394.28749998,33679844.125,0.0,0.0,0.0,0.0,0
531,07/23/2023,0,0,10541027.5625,78541223.7749999,39938394.28749998,33679844.125,0.0,0.0,0.0,0.0,0
